Variables,Step0,Step1,Step2,Step3,Step4,Step5,Step6,Step7,Step8,Step9,Step10,Step11,Step12,Step13,Step14,Step15,Step16,Step17,Step18,Step19,Step20,Step21,Step22,Step23,Step24,Step25,Step26,Step27,Step28,Step29,Step30,Step31,Step32,Step33,Step34,Step35,Step36,Step37,Step38,Step39
Xi,0.0,1e-08,1e-07,1e-06,1e-05,0.0001,0.001,0.01,0.0654278,0.1,0.187905,0.2,0.238455,0.239229,0.2954,0.3,0.4,0.5,0.6,0.630222,0.7,0.743852,0.743855,0.748986,0.777439,0.77824,0.787378,0.78874,0.8,0.9,0.964324,0.964326,0.964357,0.971689,0.979225,0.979226,0.979229,0.97923,0.981061,1.0
Aw,0.73037,0.73037,0.73037,0.73037,0.73037,0.73036,0.7302,0.72875,0.72356,0.72323,0.72956,0.73097,0.73721,0.73743,0.74903,0.7497,0.76096,0.77458,0.79357,0.8,0.81546,0.82542,0.82542,0.82879,0.84981,0.85001,0.85219,0.85246,0.85474,0.87204,0.87849,0.87849,0.87851,0.88376,0.88557,0.88557,0.88558,0.88559,0.88557,0.88557
Temp,10.0,10.0,10.0,10.0,10.0,10.04,10.39,13.9,35.52,49.0,83.28,88.0,103.0,103.3,125.21,127.0,166.0,205.0,244.0,255.79,283.0,300.1,300.1,302.1,313.2,313.51,317.08,317.61,322.0,361.0,386.09,386.09,386.1,388.96,391.9,391.9,391.9,391.9,400.0,400.0
I,8.1972,8.1972,8.1972,8.1972,8.1972,8.1974,8.199,8.2125,8.2028,8.1274,7.7633,7.6995,7.4421,7.4338,6.9561,6.9258,6.428,6.0211,5.6108,5.4942,5.2562,5.1299,5.1299,5.0736,4.6632,4.6608,4.6342,4.6311,4.6065,4.4813,4.6225,4.6225,4.6222,4.5246,4.5236,4.5236,4.5235,4.523,4.6941,4.6941
pH,8.7076,8.7076,8.7076,8.7076,8.7074,8.7061,8.693,8.5642,7.8504,7.4681,6.6744,6.5818,6.3058,6.3003,5.9433,5.9173,5.4532,5.1395,4.9381,4.8971,4.8391,4.8319,4.8319,4.8332,4.8447,4.8426,4.8195,4.8162,4.7904,4.6854,4.7434,4.7434,4.7435,4.7748,4.805,4.805,4.805,4.8051,4.8934,4.8934
TDS%,37.961,37.961,37.961,37.961,37.961,37.961,37.96,37.952999999999996,37.916,37.901,37.889,37.889,37.891000000000005,37.891000000000005,37.897999999999996,37.897999999999996,37.899,37.885999999999996,37.852000000000004,37.84,37.829,37.845,37.845,37.586000000000006,35.465999999999994,35.463,35.436,35.436,35.439,35.56,35.606,35.606,35.602000000000004,34.507,34.169,34.169,34.168,34.165,34.153,34.153
Solv_Mass,844.19855,844.19855,844.19856,844.19857,844.1987,844.19997,844.21266,844.33457,844.88281,845.05654,845.1033,845.08473,844.9879,844.98417,844.78204,844.76957,844.47577,843.85899,843.15401,843.07069,843.19154,843.52872,843.5333,852.75568,933.24813,933.39924,934.92877,934.98881,935.45841,938.13839,939.10283,939.11208,939.27521,982.36156,996.39553,996.40395,996.42589,996.56649,996.52614,996.52614
Cl-,6.5149E+00,6.5149E+00,6.5149E+00,6.5149E+00,6.5150E+00,6.5151E+00,6.5165E+00,6.5291E+00,6.5542E+00,6.5305E+00,6.3714E+00,6.3413E+00,6.2141E+00,6.2097E+00,5.9603E+00,5.9443E+00,5.6796E+00,5.4658E+00,5.2535E+00,5.1917E+00,5.0564E+00,4.9745E+00,4.9745E+00,4.9240E+00,4.5392E+00,4.5372E+00,4.5153E+00,4.5128E+00,4.4929E+00,4.3705E+00,4.4485E+00,4.4485E+00,4.4481E+00,4.3394E+00,4.3224E+00,4.3223E+00,4.3223E+00,4.3218E+00,4.4268E+00,4.4268E+00
MgCl+,1.9028E+00,1.9028E+00,1.9028E+00,1.9028E+00,1.9028E+00,1.9028E+00,1.9029E+00,1.9041E+00,1.9350E+00,1.9721E+00,2.1108E+00,2.1332E+00,2.2169E+00,2.2193E+00,2.3622E+00,2.3716E+00,2.5363E+00,2.6823E+00,2.8212E+00,2.8539E+00,2.8942E+00,2.8853E+00,2.8853E+00,2.8565E+00,2.6301E+00,2.6292E+00,2.6185E+00,2.6173E+00,2.6068E+00,2.4569E+00,2.3697E+00,2.3697E+00,2.3695E+00,2.3095E+00,2.2814E+00,2.2814E+00,2.2813E+00,2.2811E+00,2.2599E+00,2.2599E+00
"CaCl2,aq",1.1570E+00,1.1570E+00,1.1570E+00,1.1570E+00,1.1570E+00,1.1568E+00,1.1550E+00,1.1372E+00,1.0432E+00,9.9607E-01,9.0678E-01,8.9739E-01,8.7657E-01,8.7659E-01,8.7081E-01,8.6987E-01,8.4157E-01,8.1096E-01,7.9038E-01,7.8699E-01,7.8152E-01,7.7595E-01,7.7594E-01,7.6301E-01,6.6839E-01,6.6817E-01,6.6570E-01,6.6547E-01,6.6333E-01,6.1285E-01,5.4069E-01,5.4068E-01,5.4053E-01,5.0392E-01,4.8509E-01,4.8509E-01,4.8507E-01,4.8499E-01,4.5267E-01,4.5267E-01
Mg+2,1.1230E+00,1.1230E+00,1.1230E+00,1.1230E+00,1.1230E+00,1.1230E+00,1.1227E+00,1.1191E+00,1.0750E+00,1.0315E+00,8.8516E-01,8.6261E-01,7.7921E-01,7.7678E-01,6.3624E-01,6.2717E-01,4.7450E-01,3.4781E-01,2.2589E-01,1.9332E-01,1.3203E-01,1.0476E-01,1.0476E-01,1.0195E-01,8.7832E-02,8.7528E-02,8.4247E-02,8.3794E-02,8.0326E-02,7.2018E-02,9.8369E-02,9.8370E-02,9.8393E-02,1.0367E-01,1.1041E-01,1.1041E-01,1.1042E-01,1.1041E-01,1.3648E-01,1.3648E-01
Ca+2,5.4266E-01,5.4266E-01,5.4266E-01,5.4266E-01,5.4267E-01,5.4271E-01,5.4311E-01,5.4662E-01,5.4977E-01,5.3739E-01,4.6904E-01,4.5671E-01,4.0649E-01,4.0485E-01,3.1347E-01,3.0788E-01,2.2043E-01,1.5398E-01,9.3070E-02,7.7768E-02,5.0984E-02,4.0460E-02,4.0459E-02,3.9446E-02,3.4466E-02,3.4369E-02,3.3361E-02,3.3228E-02,3.2277E-02,3.8481E-02,7.5265E-02,7.5266E-02,7.5290E-02,8.1161E-02,9.0502E-02,9.0503E-02,9.0504E-02,9.0497E-02,1.3039E-01,1.3039E-01
K+,4.7715E-01,4.7715E-01,4.7715E-01,4.7715E-01,4.7715E-01,4.7715E-01,4.7709E-01,4.7651E-01,4.7205E-01,4.6845E-01,4.5648E-01,4.5453E-01,4.4786E-01,4.4772E-01,4.3626E-01,4.3521E-01,4.1031E-01,3.8678E-01,3.6856E-01,3.6397E-01,3.5492E-01,3.5064E-01,3.5064E-01,3.4710E-01,3.1948E-01,3.1938E-01,3.1828E-01,3.1817E-01,3.1732E-01,3.1520E-01,3.1816E-01,3.1816E-01,3.1811E-01,3.0485E-01,3.0108E-01,3.0107E-01,3.0107E-01,3.0103E-01,3.0204E-01,3.0204E-01
CaCl+,3.5985E-01,3.5985E-01,3.5985E-01,3.5985E-01,3.5987E-01,3.6001E-01,3.6147E-01,3.7612E-01,4.7105E-01,5.3363E-01,6.9710E-01,7.1930E-01,7.9159E-01,7.9324E-01,8.9178E-01,8.9839E-01,1.0163E+00,1.1176E+00,1.2053E+00,1.2257E+00,1.2607E+00,1.2774E+00,1.2774E+00,1.2687E+00,1.1902E+00,1.1902E+00,1.1909E+00,1.1912E+00,1.1937E+00,1.2342E+00,1.2679E+00,1.2679E+00,1.2677E+00,1.2158E+00,1.1999E+00,1.1999E+00,1.1999E+00,1.1997E+00,1.1922E+00,1.1922E+00
Na+,2.5472E-01,2.5472E-01,2.5472E-01,2.5472E-01,2.5472E-01,2.5466E-01,2.5414E-01,2.4897E-01,2.2172E-01,2.0841E-01,1.8400E-01,1.8137E-01,1.7393E-01,1.7381E-01,1.6341E-01,1.6252E-01,1.4600E-01,1.3818E-01,1.3716E-01,1.3740E-01,1.3822E-01,1.3908E-01,1.3908E-01,1.3846E-01,1.3208E-01,1.3207E-01,1.3198E-01,1.3199E-01,1.3204E-01,1.3552E-01,1.3985E-01,1.3985E-01,1.3983E-01,1.3479E-01,1.3353E-01,1.3353E-01,1.3352E-01,1.3351E-01,1.3421E-01,1.3421E-01
"NaCl,aq",2.1062E-01,2.1062E-01,2.1062E-01,2.1062E-01,2.1062E-01,2.1067E-01,2.1117E-01,2.1602E-01,2.4145E-01,2.5380E-01,2.7654E-01,2.7902E-01,2.8617E-01,2.8630E-01,2.9657E-01,2.9745E-01,3.1390E-01,3.2335E-01,3.2795E-01,3.2881E-01,3.2983E-01,3.2949E-01,3.2948E-01,3.2521E-01,2.9211E-01,2.9205E-01,2.9148E-01,2.9145E-01,2.9120E-01,2.8656E-01,2.8180E-01,2.8180E-01,2.8175E-01,2.6830E-01,2.6388E-01,2.6388E-01,2.6387E-01,2.6383E-01,2.6315E-01,2.6315E-01
Mg(For)+,1.8196E-01,1.8196E-01,1.8196E-01,1.8196E-01,1.8196E-01,1.8198E-01,1.8217E-01,1.8397E-01,1.9149E-01,1.9310E-01,1.8871E-01,1.8739E-01,1.8228E-01,1.8216E-01,1.7213E-01,1.7122E-01,1.4679E-01,1.0870E-01,5.7261E-02,4.2603E-02,1.7810E-02,9.1899E-03,9.1887E-03,7.0779E-03,9.7873E-04,9.3980E-04,5.8941E-04,5.6511E-04,3.9893E-04,1.9251E-05,3.2392E-06,3.2385E-06,3.2262E-06,7.7039E-07,2.8756E-08,2.8752E-08,2.8744E-08,2.8694E-08,2.3334E-08,2.3334E-08
"MgCO3,aq",5.1010E-02,5.1010E-02,5.1010E-02,5.1009E-02,5.1005E-02,5.0964E-02,5.0556E-02,4.6578E-02,2.6322E-02,1.7362E-02,5.1039E-03,4.2645E-03,2.3973E-03,2.3697E-03,1.0282E-03,9.6069E-04,2.1928E-04,4.7309E-05,9.0090E-06,5.2889E-06,1.4757E-06,6.5140E-07,6.5138E-07,6.0129E-07,3.4438E-07,3.3556E-07,2.4986E-07,2.3902E-07,1.6594E-07,7.5807E-09,1.2095E-09,1.2095E-09,1.2087E-09,1.0236E-09,8.7964E-10,8.7962E-10,8.7956E-10,8.7939E-10,6.0915E-10,6.0915E-10
"CaCO3,aq",3.1076E-02,3.1076E-02,3.1076E-02,3.1076E-02,3.1075E-02,3.1064E-02,3.0956E-02,2.9820E-02,2.1450E-02,1.6042E-02,6.0807E-03,5.2319E-03,3.1672E-03,3.1322E-03,1.4321E-03,1.3459E-03,3.5860E-04,8.8293E-05,1.7635E-05,1.0350E-05,2.8802E-06,1.2957E-06,1.2956E-06,1.2020E-06,7.1425E-07,6.9673E-07,5.2621E-07,5.0451E-07,3.5767E-07,2.4881E-08,6.9240E-09,6.9238E-09,6.9209E-09,6.2197E-09,5.7988E-09,5.7987E-09,5.7984E-09,5.7972E-09,5.1879E-09,5.1879E-09
"Mg(For)2,aq",2.1100E-02,2.1100E-02,2.1100E-02,2.1100E-02,2.1100E-02,2.1102E-02,2.1122E-02,2.1303E-02,2.1821E-02,2.1649E-02,2.0096E-02,1.9819E-02,1.8939E-02,1.8925E-02,1.7974E-02,1.7892E-02,1.5149E-02,9.6232E-03,3.2220E-03,1.9146E-03,4.0236E-04,1.2069E-04,1.2066E-04,7.2682E-05,1.5258E-06,1.4098E-06,5.6761E-07,5.2349E-07,2.6779E-07,6.8642E-10,1.6705E-11,1.6698E-11,1.6570E-11,9.3023E-13,1.2602E-15,1.2599E-15,1.2592E-15,1.2549E-15,7.4528E-16,7.4528E-16
MgHCO3+,1.6917E-02,1.6917E-02,1.6917E-02,1.6917E-02,1.6918E-02,1.6930E-02,1.7048E-02,1.8261E-02,2.6831E-02,3.2682E-02,4.6363E-02,4.7984E-02,5.3067E-02,5.3189E-02,6.0172E-02,6.0596E-02,6.5222E-02,6.0669E-02,4.6318E-02,4.0602E-02,2.7471E-02,2.0537E-02,2.0537E-02,2.0111E-02,1.5837E-02,1.5661E-02,1.3783E-02,1.3517E-02,1.1501E-02,2.8372E-03,1.2230E-03,1.2229E-03,1.2224E-03,1.0920E-03,1.0077E-03,1.0077E-03,1.0077E-03,1.0074E-03,8.5781E-04,8.5781E-04
"FORMATE,aq",1.1227E-02,1.1227E-02,1.1227E-02,1.1227E-02,1.1228E-02,1.1237E-02,1.1322E-02,1.2193E-02,1.7938E-02,2.1649E-02,3.0722E-02,3.1926E-02,3.5474E-02,3.5525E-02,3.9701E-02,4.0078E-02,4.7962E-02,4.9273E-02,3.5632E-02,2.9200E-02,1.5357E-02,9.2073E-03,9.2062E-03,7.2289E-03,1.1147E-03,1.0734E-03,6.9482E-04,6.6930E-04,4.9123E-04,3.3786E-05,7.1352E-06,7.1337E-06,7.1071E-06,1.7356E-06,6.6562E-08,6.6554E-08,6.6536E-08,6.6421E-08,5.8365E-08,5.8366E-08
CaHCO3+,5.4680E-03,5.4680E-03,5.4680E-03,5.4680E-03,5.4684E-03,5.4725E-03,5.5133E-03,5.9321E-03,8.8431E-03,1.0761E-02,1.4777E-02,1.5177E-02,1.6230E-02,1.6250E-02,1.7069E-02,1.7096E-02,1.6676E-02,1.4230E-02,9.7979E-03,8.3016E-03,5.2377E-03,3.8189E-03,3.8189E-03,3.7373E-03,2.9481E-03,2.9155E-03,2.5692E-03,2.5201E-03,2.1520E-03,6.2826E-04,3.4694E-04,3.4693E-04,3.4680E-04,3.1416E-04,2.9944E-04,2.9944E-04,2.9942E-04,2.9934E-04,2.8357E-04,2.8357E-04
"KCl,aq",4.0300E-03,4.0300E-03,4.0300E-03,4.0301E-03,4.0306E-03,4.0354E-03,4.0842E-03,4.5952E-03,8.7471E-03,1.2248E-02,2.4185E-02,2.6153E-02,3.2878E-02,3.3017E-02,4.4588E-02,4.5646E-02,7.0720E-02,9.4598E-02,1.1322E-01,1.1786E-01,1.2684E-01,1.3092E-01,1.3092E-01,1.2926E-01,1.1579E-01,1.1582E-01,1.1621E-01,1.1629E-01,1.1692E-01,1.1781E-01,1.1439E-01,1.1439E-01,1.1437E-01,1.0866E-01,1.0661E-01,1.0661E-01,1.0660E-01,1.0659E-01,1.0560E-01,1.0560E-01
"Na(For),aq",3.2319E-03,3.2319E-03,3.2319E-03,3.2319E-03,3.2321E-03,3.2343E-03,3.2554E-03,3.4682E-03,4.7908E-03,5.5698E-03,7.1697E-03,7.3402E-03,7.7406E-03,7.7432E-03,8.0665E-03,8.0988E-03,8.5289E-03,7.4306E-03,4.3812E-03,3.3577E-03,1.5092E-03,8.2292E-04,8.2282E-04,6.3602E-04,8.9097E-05,8.5663E-05,5.4541E-05,5.2413E-05,3.7743E-05,2.3140E-06,4.8380E-07,4.8370E-07,4.8186E-07,1.1555E-07,4.4229E-09,4.4224E-09,4.4211E-09,4.4133E-09,3.9455E-09,3.9455E-09
HCO3-,3.2285E-03,3.2285E-03,3.2285E-03,3.2285E-03,3.2287E-03,3.2309E-03,3.2529E-03,3.4748E-03,4.8450E-03,5.5656E-03,6.4097E-03,6.4199E-03,6.3051E-03,6.2991E-03,5.8315E-03,5.7917E-03,4.8248E-03,3.5372E-03,2.0982E-03,1.7054E-03,9.8260E-04,6.7597E-04,6.7596E-04,6.5725E-04,5.0108E-04,4.9497E-04,4.3054E-04,4.2149E-04,3.5403E-04,8.6607E-05,4.2383E-05,4.2382E-05,4.2367E-05,3.8603E-05,3.6586E-05,3.6586E-05,3.6584E-05,3.6576E-05,3.4006E-05,3.4006E-05
CO3-2,6.7805E-04,6.7805E-04,6.7805E-04,6.7804E-04,6.7795E-04,6.7710E-04,6.6861E-04,5.8911E-04,2.6415E-04,1.5616E-04,3.8331E-05,3.1523E-05,1.6191E-05,1.5920E-05,5.5831E-06,5.1908E-06,1.3539E-06,3.6205E-07,7.1184E-08,4.0915E-08,1.1018E-08,5.0882E-09,5.0880E-09,4.7472E-09,2.9452E-09,2.8792E-09,2.2356E-09,2.1534E-09,1.5934E-09,2.6217E-10,2.5384E-10,2.5384E-10,2.5394E-10,2.7449E-10,3.1394E-10,3.1394E-10,3.1394E-10,3.1387E-10,5.3360E-10,5.3360E-10
"NaHCO3,aq",4.8498E-04,4.8498E-04,4.8498E-04,4.8498E-04,4.8502E-04,4.8536E-04,4.8876E-04,5.2292E-04,7.2032E-04,8.0843E-04,8.4464E-04,8.3188E-04,7.7762E-04,7.7656E-04,6.8356E-04,6.7494E-04,4.7538E-04,2.8766E-04,1.4471E-04,1.1268E-04,5.9123E-05,3.8241E-05,3.8240E-05,3.6708E-05,2.5691E-05,2.5343E-05,2.1699E-05,2.1192E-05,1.7442E-05,3.2527E-06,1.1521E-06,1.1521E-06,1.1514E-06,9.7955E-07,8.7661E-07,8.7658E-07,8.7652E-07,8.7626E-07,6.9742E-07,6.9742E-07
MgOH+,1.4983E-04,1.4983E-04,1.4983E-04,1.4983E-04,1.4984E-04,1.4988E-04,1.5030E-04,1.5467E-04,1.8636E-04,2.1063E-04,2.8830E-04,3.0062E-04,3.4044E-04,3.4117E-04,3.9777E-04,4.0284E-04,5.3188E-04,6.8982E-04,8.4911E-04,8.9309E-04,9.8975E-04,1.0564E-03,1.0565E-03,1.0673E-03,1.1256E-03,1.1206E-03,1.0671E-03,1.0595E-03,1.0004E-03,7.1259E-04,7.0360E-04,7.0361E-04,7.0379E-04,7.4468E-04,7.8154E-04,7.8155E-04,7.8156E-04,7.8158E-04,8.9998E-04,8.9998E-04
FeCl+,1.2282E-04,1.2282E-04,1.2282E-04,1.2282E-04,1.2283E-04,1.2295E-04,1.2412E-04,1.3633E-04,2.3561E-04,3.2409E-04,6.7955E-04,7.4590E-04,9.9819E-04,1.0046E-03,1.5069E-03,1.5510E-03,2.6129E-03,3.9171E-03,5.3235E-03,5.6707E-03,6.1145E-03,6.0405E-03,6.0403E-03,5.5681E-03,3.0026E-03,3.0114E-03,3.1007E-03,3.1092E-03,3.1718E-03,3.0796E-03,2.6533E-03,2.6531E-03,2.6501E-03,2.0190E-03,1.8424E-03,1.8423E-03,1.8421E-03,1.8409E-03,1.7168E-03,1.7168E-03
Fe+2,1.2246E-04,1.2246E-04,1.2246E-04,1.2246E-04,1.2247E-04,1.2258E-04,1.2366E-04,1.3469E-04,2.1378E-04,2.7204E-04,4.4065E-04,4.6462E-04,5.3123E-04,5.3192E-04,5.9101E-04,5.9646E-04,7.1404E-04,7.5237E-04,6.2694E-04,5.6296E-04,4.0985E-04,3.2868E-04,3.2866E-04,2.9865E-04,1.5357E-04,1.5368E-04,1.5467E-04,1.5461E-04,1.5434E-04,1.8876E-04,3.2998E-04,3.2997E-04,3.2976E-04,2.8456E-04,2.9577E-04,2.9576E-04,2.9574E-04,2.9555E-04,4.0890E-04,4.0890E-04
"H2,aq",1.1979E-04,1.1979E-04,1.1979E-04,1.1979E-04,1.1980E-04,1.1996E-04,1.2153E-04,1.3834E-04,3.0586E-04,5.0223E-04,1.7645E-03,2.0886E-03,3.5282E-03,3.5653E-03,7.3972E-03,7.8322E-03,2.4880E-02,6.7336E-02,1.4360E-01,1.6882E-01,2.1563E-01,2.3067E-01,2.3065E-01,1.9264E-01,4.8053E-02,4.7029E-02,3.6632E-02,3.6284E-02,3.3502E-02,1.5978E-02,1.0046E-02,1.0044E-02,1.0013E-02,2.9050E-03,1.2445E-04,1.2444E-04,1.2441E-04,1.2424E-04,1.3237E-04,1.3237E-04
Fe(For)+,3.1836E-05,3.1836E-05,3.1836E-05,3.1836E-05,3.1839E-05,3.1872E-05,3.2196E-05,3.5565E-05,6.1376E-05,8.2057E-05,1.4988E-04,1.6065E-04,1.9743E-04,1.9826E-04,2.5674E-04,2.6123E-04,3.3782E-04,3.4083E-04,2.2340E-04,1.7311E-04,7.5108E-05,3.7884E-05,3.7878E-05,2.7126E-05,2.1796E-06,2.0994E-06,1.3581E-06,1.3058E-06,9.4158E-07,4.6083E-08,6.9348E-09,6.9329E-09,6.8992E-09,1.2888E-09,4.4487E-11,4.4480E-11,4.4463E-11,4.4361E-11,3.4091E-11,3.4091E-11
"Fe(For)2,aq",7.3613E-06,7.3613E-06,7.3613E-06,7.3614E-06,7.3623E-06,7.3706E-06,7.4546E-06,8.3280E-06,1.5044E-05,2.0325E-05,3.6756E-05,3.9282E-05,4.7695E-05,4.7877E-05,6.1608E-05,6.2731E-05,8.0725E-05,6.9234E-05,2.7474E-05,1.6647E-05,3.4480E-06,9.8376E-07,9.8347E-07,5.4938E-07,6.6301E-09,6.1437E-09,2.5466E-09,2.3549E-09,1.2293E-09,3.4505E-12,8.9164E-14,8.9120E-14,8.8352E-14,3.9902E-15,5.1550E-18,5.1536E-18,5.1502E-18,5.1298E-18,3.1693E-18,3.1693E-18
FeOH+,4.0638E-06,4.0638E-06,4.0638E-06,4.0638E-06,4.0641E-06,4.0664E-06,4.0891E-06,4.3210E-06,5.9336E-06,7.1254E-06,1.0871E-05,1.1457E-05,1.3420E-05,1.3461E-05,1.6330E-05,1.6553E-05,2.1105E-05,2.5075E-05,2.6943E-05,2.6706E-05,2.4645E-05,2.2530E-05,2.2529E-05,2.0843E-05,1.1750E-05,1.1707E-05,1.1198E-05,1.1106E-05,1.0369E-05,5.6416E-06,4.1534E-06,4.1532E-06,4.1495E-06,3.3636E-06,3.1949E-06,3.1948E-06,3.1945E-06,3.1927E-06,3.2724E-06,3.2724E-06
OH-,2.8852E-06,2.8852E-06,2.8852E-06,2.8852E-06,2.8852E-06,2.8851E-06,2.8840E-06,2.8732E-06,2.7907E-06,2.7312E-06,2.5793E-06,2.5601E-06,2.4552E-06,2.4496E-06,2.1940E-06,2.1832E-06,2.1281E-06,2.1424E-06,2.0282E-06,1.9726E-06,1.8572E-06,1.8323E-06,1.8323E-06,1.8387E-06,1.8814E-06,1.8716E-06,1.7672E-06,1.7526E-06,1.6417E-06,1.2719E-06,1.6218E-06,1.6218E-06,1.6225E-06,1.7784E-06,1.9552E-06,1.9552E-06,1.9553E-06,1.9553E-06,2.6256E-06,2.6256E-06
CaOH+,2.3981E-06,2.3981E-06,2.3981E-06,2.3982E-06,2.3985E-06,2.4013E-06,2.4297E-06,2.7276E-06,5.1799E-06,7.3039E-06,1.4797E-05,1.6038E-05,2.0150E-05,2.0228E-05,2.5945E-05,2.6421E-05,3.7256E-05,4.8197E-05,5.6546E-05,5.8222E-05,6.1131E-05,6.3217E-05,6.3218E-05,6.3701E-05,6.6166E-05,6.5835E-05,6.2278E-05,6.1770E-05,5.7851E-05,3.9053E-05,3.6485E-05,3.6485E-05,3.6489E-05,3.7423E-05,3.8623E-05,3.8623E-05,3.8623E-05,3.8622E-05,4.2609E-05,4.2609E-05
"CO2,aq",1.5544E-06,1.5544E-06,1.5544E-06,1.5545E-06,1.5550E-06,1.5605E-06,1.6156E-06,2.2788E-06,1.6271E-05,4.8312E-05,4.9304E-04,6.5023E-04,1.4941E-03,1.5189E-03,4.5791E-03,4.9748E-03,2.3927E-02,7.6891E-02,1.6654E-01,1.9438E-01,2.4517E-01,2.6514E-01,2.6514E-01,2.7220E-01,2.8534E-01,2.8573E-01,2.8978E-01,2.9018E-01,2.9315E-01,3.0545E-01,3.0725E-01,3.0725E-01,3.0721E-01,2.9622E-01,2.9305E-01,2.9305E-01,2.9304E-01,2.9300E-01,2.9317E-01,2.9317E-01
"NaOH,aq",3.6650E-07,3.6650E-07,3.6650E-07,3.6650E-07,3.6650E-07,3.6649E-07,3.6641E-07,3.6530E-07,3.4870E-07,3.3229E-07,2.8201E-07,2.7487E-07,2.5031E-07,2.4967E-07,2.1268E-07,2.1029E-07,1.6954E-07,1.3735E-07,1.0806E-07,1.0007E-07,8.4256E-08,7.6810E-08,7.6810E-08,7.5957E-08,7.0621E-08,7.0122E-08,6.4799E-08,6.4052E-08,5.8330E-08,3.0833E-08,2.5054E-08,2.5054E-08,2.5055E-08,2.5279E-08,2.5765E-08,2.5765E-08,2.5765E-08,2.5764E-08,2.7883E-08,2.7883E-08
"KOH,aq",2.8756E-07,2.8756E-07,2.8756E-07,2.8756E-07,2.8758E-07,2.8774E-07,2.8931E-07,3.0495E-07,3.9602E-07,4.4355E-07,5.1803E-07,5.2319E-07,5.2750E-07,5.2711E-07,5.1124E-07,5.1057E-07,4.9067E-07,4.3292E-07,3.4591E-07,3.1919E-07,2.6388E-07,2.3606E-07,2.3606E-07,2.3214E-07,2.0853E-07,2.0697E-07,1.9038E-07,1.8806E-07,1.7026E-07,8.3386E-08,6.3144E-08,6.3144E-08,6.3144E-08,6.3167E-08,6.3812E-08,6.3812E-08,6.3811E-08,6.3809E-08,6.7419E-08,6.7419E-08
"FORMIC ACID,aq",7.2932E-08,7.2932E-08,7.2932E-08,7.2935E-08,7.2961E-08,7.3227E-08,7.5932E-08,1.0858E-07,8.0808E-07,2.4219E-06,2.5645E-05,3.4104E-05,7.9916E-05,8.1210E-05,2.4757E-04,2.6995E-04,1.4585E-03,5.1466E-03,1.0418E-02,1.1307E-02,1.0944E-02,9.4332E-03,9.4322E-03,7.7168E-03,1.5047E-03,1.4670E-03,1.0935E-03,1.0757E-03,9.3795E-04,2.8419E-04,1.5650E-04,1.5647E-04,1.5593E-04,4.1055E-05,1.7102E-06,1.7101E-06,1.7096E-06,1.7067E-06,1.8923E-06,1.8923E-06
"FeO,aq",7.5093E-09,7.5093E-09,7.5093E-09,7.5094E-09,7.5103E-09,7.5184E-09,7.6002E-09,8.4553E-09,1.5428E-08,2.1559E-08,4.5301E-08,4.9640E-08,6.5303E-08,6.5643E-08,9.4121E-08,9.6789E-08,1.6740E-07,2.5892E-07,3.5261E-07,3.7571E-07,4.1196E-07,4.2068E-07,4.2067E-07,3.9465E-07,2.4103E-07,2.3924E-07,2.1948E-07,2.1633E-07,1.9195E-07,6.7861E-08,3.6850E-08,3.6848E-08,3.6819E-08,3.0388E-08,2.8877E-08,2.8876E-08,2.8873E-08,2.8859E-08,2.9054E-08,2.9054E-08
HFeO2-,5.2244E-09,5.2244E-09,5.2244E-09,5.2244E-09,5.2240E-09,5.2200E-09,5.1810E-09,4.8171E-09,3.3504E-09,2.8624E-09,2.3142E-09,2.2824E-09,2.0178E-09,1.9995E-09,1.4398E-09,1.4351E-09,2.0781E-09,3.3316E-09,3.4586E-09,3.2457E-09,2.8698E-09,3.1040E-09,3.1039E-09,2.9914E-09,2.2945E-09,2.2830E-09,2.1762E-09,2.1608E-09,2.0752E-09,9.9021E-09,3.8065E-07,3.8069E-07,3.8150E-07,6.3379E-07,1.2775E-06,1.2775E-06,1.2777E-06,1.2773E-06,1.2782E-05,1.2782E-05
"HCl,aq",2.1976E-09,2.1976E-09,2.1975E-09,2.1976E-09,2.1981E-09,2.2034E-09,2.2565E-09,2.8564E-09,1.1062E-08,2.3807E-08,1.3348E-07,1.6563E-07,3.1911E-07,3.2317E-07,7.8670E-07,8.4399E-07,3.5179E-06,1.2198E-05,3.6658E-05,5.0226E-05,1.0274E-04,1.6156E-04,1.6156E-04,1.6905E-04,2.1524E-04,2.1839E-04,2.5767E-04,2.6416E-04,3.2450E-04,2.1517E-03,8.5438E-03,8.5440E-03,8.5480E-03,9.5221E-03,1.0917E-02,1.0918E-02,1.0918E-02,1.0917E-02,1.6637E-02,1.6637E-02
"NaHSiO3,aq",2.1660E-09,2.1660E-09,2.1660E-09,2.1660E-09,2.1659E-09,2.1652E-09,2.1583E-09,2.0911E-09,1.7416E-09,1.5705E-09,1.2419E-09,1.2045E-09,1.0844E-09,1.0815E-09,9.1534E-10,9.0466E-10,7.2771E-10,5.9504E-10,4.7323E-10,4.3904E-10,3.7004E-10,3.3703E-10,3.3703E-10,3.3176E-10,3.0187E-10,3.0496E-10,3.4218E-10,3.4831E-10,4.0323E-10,1.5564E-09,4.3223E-09,4.3223E-09,4.3222E-09,4.2948E-09,4.4132E-09,4.4132E-09,4.4131E-09,4.4127E-09,4.9868E-09,4.9868E-09
H+,8.1207E-10,8.1207E-10,8.1207E-10,8.1209E-10,8.1232E-10,8.1459E-10,8.3758E-10,1.1023E-09,5.2058E-09,1.2271E-08,7.8359E-08,9.7944E-08,1.9401E-07,1.9682E-07,4.8934E-07,5.2211E-07,1.6986E-06,4.3761E-06,1.0265E-05,1.3036E-05,2.1476E-05,2.7872E-05,2.7872E-05,2.8631E-05,3.2697E-05,3.2996E-05,3.6508E-05,3.7051E-05,4.1707E-05,8.5406E-05,9.1389E-05,9.1387E-05,9.1362E-05,8.5414E-05,8.0321E-05,8.0320E-05,8.0318E-05,8.0314E-05,6.6190E-05,6.6190E-05
MgHSiO3+,7.3412E-10,7.3412E-10,7.3412E-10,7.3413E-10,7.3418E-10,7.3467E-10,7.3960E-10,7.9065E-10,1.1851E-09,1.5131E-09,2.6803E-09,2.8776E-09,3.5312E-09,3.5434E-09,4.5172E-09,4.6055E-09,6.8487E-09,9.4360E-09,1.1571E-08,1.2017E-08,1.2765E-08,1.3219E-08,1.3219E-08,1.3250E-08,1.3445E-08,1.3613E-08,1.5665E-08,1.6005E-08,1.9109E-08,9.8858E-08,3.5448E-07,3.5448E-07,3.5456E-07,3.7372E-07,4.0055E-07,4.0055E-07,4.0056E-07,4.0054E-07,5.0202E-07,5.0202E-07
"SiO2,aq",4.9682E-10,4.9682E-10,4.9682E-10,4.9683E-10,4.9699E-10,4.9853E-10,5.1415E-10,6.9579E-10,3.5823E-09,8.4052E-09,4.7959E-08,5.8869E-08,1.0906E-07,1.1035E-07,2.4584E-07,2.6132E-07,8.5974E-07,2.3178E-06,5.4088E-06,6.8173E-06,1.1158E-05,1.4753E-05,1.4753E-05,1.5151E-05,1.7517E-05,1.7903E-05,2.2877E-05,2.3735E-05,3.2068E-05,3.6512E-04,1.4788E-03,1.4788E-03,1.4788E-03,1.4742E-03,1.5025E-03,1.5025E-03,1.5025E-03,1.5024E-03,1.6014E-03,1.6014E-03
"CO,aq",1.2220E-10,1.2220E-10,1.2220E-10,1.2220E-10,1.2226E-10,1.2281E-10,1.2844E-10,2.0016E-10,2.5988E-09,1.1218E-08,3.0924E-07,4.6937E-07,1.6660E-06,1.7069E-06,9.4587E-06,1.0832E-05,1.6781E-04,1.6258E-03,8.5758E-03,1.2317E-02,2.2462E-02,2.8620E-02,2.8617E-02,2.4437E-02,6.0224E-03,5.9133E-03,4.7773E-03,4.7562E-03,4.5816E-03,3.3853E-03,3.3730E-03,3.3724E-03,3.3619E-03,9.4341E-04,4.2148E-05,4.2144E-05,4.2134E-05,4.2061E-05,5.6986E-05,5.6986E-05
CaHSiO3+,1.1590E-10,1.1590E-10,1.1590E-10,1.1590E-10,1.1591E-10,1.1603E-10,1.1721E-10,1.2949E-10,2.3012E-10,3.1908E-10,6.5753E-10,7.1744E-10,9.2193E-10,9.2582E-10,1.2274E-09,1.2542E-09,1.9317E-09,2.7357E-09,3.4283E-09,3.5790E-09,3.8548E-09,4.0523E-09,4.0523E-09,4.0742E-09,4.2036E-09,4.2575E-09,4.9180E-09,5.0275E-09,6.0322E-09,3.3448E-08,1.2383E-07,1.2383E-07,1.2384E-07,1.2785E-07,1.3622E-07,1.3622E-07,1.3622E-07,1.3621E-07,1.6865E-07,1.6865E-07
HSiO3-,8.0557E-11,8.0557E-11,8.0557E-11,8.0558E-11,8.0565E-11,8.0635E-11,8.1335E-11,8.8580E-11,1.4347E-10,1.8727E-10,3.3211E-10,3.5550E-10,4.2924E-10,4.3038E-10,5.2555E-10,5.3446E-10,7.6429E-10,1.0235E-09,1.2311E-09,1.2755E-09,1.3562E-09,1.4089E-09,1.4089E-09,1.4147E-09,1.4502E-09,1.4682E-09,1.6881E-09,1.7244E-09,2.0553E-09,1.0162E-08,3.3527E-08,3.3527E-08,3.3532E-08,3.4763E-08,3.6747E-08,3.6748E-08,3.6748E-08,3.6747E-08,4.4246E-08,4.4246E-08
"FORMALDEHYDE,aq",3.9865E-12,3.9865E-12,3.9865E-12,3.9866E-12,3.9885E-12,4.0065E-12,4.1910E-12,6.5338E-12,8.0681E-11,3.2823E-10,7.5043E-09,1.1072E-08,3.5718E-08,3.6517E-08,1.7275E-07,1.9518E-07,2.1878E-06,1.4337E-05,4.3728E-05,5.0473E-05,4.9777E-05,3.9823E-05,3.9815E-05,2.6496E-05,1.0873E-06,1.0345E-06,5.8120E-07,5.6361E-07,4.3623E-07,4.3201E-08,1.1559E-08,1.1555E-08,1.1477E-08,8.2226E-10,1.4085E-12,1.4082E-12,1.4075E-12,1.4030E-12,1.5403E-12,1.5403E-12
"FeCl2,aq",8.7021E-13,8.7021E-13,8.7021E-13,8.7026E-13,8.7079E-13,8.7607E-13,9.3062E-13,1.6901E-12,5.0634E-11,3.4021E-10,2.3353E-08,3.9390E-08,1.9478E-07,2.0113E-07,1.7662E-06,2.0830E-06,5.0767E-05,7.0347E-04,6.5347E-03,1.1913E-02,4.1265E-02,7.9775E-02,7.9775E-02,7.8674E-02,6.0062E-02,6.0904E-02,7.0983E-02,7.2495E-02,8.5800E-02,2.3866E-01,2.9444E-01,2.9443E-01,2.9412E-01,2.2753E-01,2.1110E-01,2.1109E-01,2.1107E-01,2.1092E-01,2.0331E-01,2.0331E-01
"HFeO2,aq",2.5100E-14,2.5100E-14,2.5100E-14,2.5101E-14,2.5111E-14,2.5214E-14,2.6266E-14,3.9218E-14,3.4200E-13,1.0393E-12,9.0016E-12,1.1401E-11,2.2366E-11,2.2641E-11,4.9816E-11,5.2711E-11,1.3925E-10,2.4699E-10,3.3308E-10,3.5138E-10,3.7985E-10,3.8907E-10,3.8907E-10,4.0310E-10,5.2315E-10,5.2510E-10,5.4798E-10,5.4291E-10,5.0284E-10,2.5777E-10,1.7271E-10,1.7272E-10,1.7285E-10,2.6924E-10,1.2387E-09,1.2387E-09,1.2388E-09,1.2391E-09,1.1872E-09,1.1872E-09
FeO2-,2.3289E-15,2.3289E-15,2.3289E-15,2.3290E-15,2.3298E-15,2.3371E-15,2.4122E-15,3.2923E-15,1.8446E-14,4.6355E-14,3.1243E-13,3.9023E-13,7.4220E-13,7.5054E-13,1.6275E-12,1.7282E-12,5.6017E-12,1.4106E-11,2.8603E-11,3.4344E-11,5.0817E-11,6.4545E-11,6.4547E-11,6.8717E-11,1.0341E-10,1.0364E-10,1.0644E-10,1.0522E-10,9.5874E-11,5.0913E-11,4.2503E-11,4.2506E-11,4.2552E-11,7.1315E-11,3.5310E-10,3.5310E-10,3.5312E-10,3.5322E-10,4.2041E-10,4.2041E-10
FeO+,4.7746E-16,4.7746E-16,4.7746E-16,4.7748E-16,4.7766E-16,4.7950E-16,4.9823E-16,7.2604E-16,5.7234E-15,1.6960E-14,1.5181E-13,1.9468E-13,4.0116E-13,4.0659E-13,9.7386E-13,1.0378E-12,3.2701E-12,7.2563E-12,1.2488E-11,1.4153E-11,1.7935E-11,2.0257E-11,2.0257E-11,2.1153E-11,2.8537E-11,2.8861E-11,3.2809E-11,3.2925E-11,3.3891E-11,4.4089E-11,5.6506E-11,5.6508E-11,5.6557E-11,8.9629E-11,4.2931E-10,4.2932E-10,4.2933E-10,4.2941E-10,4.7201E-10,4.7201E-10
FeOH+2,2.2117E-20,2.2117E-20,2.2117E-20,2.2118E-20,2.2129E-20,2.2235E-20,2.3322E-20,3.7322E-20,5.1902E-19,2.1705E-18,4.4567E-17,6.3664E-17,1.7845E-16,1.8164E-16,6.3390E-16,6.9960E-16,4.9647E-15,2.2883E-14,6.7619E-14,8.7623E-14,1.5051E-13,2.1281E-13,2.1282E-13,2.2796E-13,3.5756E-13,3.6579E-13,4.7452E-13,4.8587E-13,5.9234E-13,4.9699E-12,3.6477E-11,3.6480E-11,3.6538E-11,6.8486E-11,4.0361E-10,4.0363E-10,4.0366E-10,4.0370E-10,8.5203E-10,8.5203E-10
FeCl+2,2.2708E-24,2.2708E-24,2.2708E-24,2.2709E-24,2.2722E-24,2.2851E-24,2.4180E-24,4.2237E-24,9.7794E-23,5.4892E-22,2.2231E-20,3.4637E-20,1.2667E-19,1.2960E-19,6.5463E-19,7.4423E-19,9.6860E-18,7.4948E-17,3.4160E-16,4.9783E-16,1.1004E-15,1.8014E-15,1.8015E-15,1.9405E-15,3.0847E-15,3.1824E-15,4.5407E-15,4.7165E-15,6.4683E-15,1.4792E-13,2.1194E-12,2.1196E-12,2.1231E-12,4.0304E-12,2.4742E-11,2.4743E-11,2.4745E-11,2.4745E-11,6.0718E-11,6.0718E-11
Fe+3,1.8974E-26,1.8974E-26,1.8974E-26,1.8975E-26,1.8986E-26,1.9090E-26,2.0162E-26,3.4536E-26,6.9516E-25,3.5224E-24,1.0557E-22,1.5722E-22,4.8697E-22,4.9590E-22,1.8598E-21,2.0702E-21,1.7990E-20,9.0626E-20,2.3482E-19,2.8075E-19,3.8500E-19,4.7341E-19,4.7342E-19,4.9893E-19,7.2806E-19,7.4800E-19,1.0193E-18,1.0516E-18,1.3673E-18,2.6302E-17,5.0074E-16,5.0079E-16,5.0178E-16,1.0379E-15,6.8590E-15,6.8593E-15,6.8601E-15,6.8609E-15,2.0592E-14,2.0592E-14
"H2O2,aq",2.9759E-64,2.9759E-64,2.9759E-64,2.9765E-64,2.9821E-64,3.0383E-64,3.6618E-64,2.3127E-63,8.0438E-59,2.6522E-56,8.0796E-51,3.7548E-50,3.7868E-48,4.1364E-48,1.7567E-45,2.7998E-45,2.7014E-41,5.6084E-38,3.9159E-35,2.4485E-34,1.4087E-32,1.6294E-31,1.6298E-31,2.6308E-31,5.5182E-30,5.8896E-30,1.2398E-29,1.3466E-29,2.6605E-29,9.4306E-27,3.4977E-25,3.4987E-25,3.5153E-25,1.7959E-24,6.0979E-23,6.0987E-23,6.1007E-23,6.1102E-23,1.5333E-22,1.5333E-22
HO2-,3.8278E-67,3.8278E-67,3.8278E-67,3.8285E-67,3.8352E-67,3.9024E-67,4.6418E-67,2.5749E-66,4.2478E-62,9.1817E-60,1.0837E-54,4.4739E-54,3.1172E-52,3.3781E-52,8.5127E-50,1.3052E-49,6.0554E-46,6.9084E-43,2.8213E-40,1.5119E-39,6.1909E-38,5.8807E-37,5.8821E-37,9.2955E-37,1.7269E-35,1.8263E-35,3.4682E-35,3.7101E-35,6.4755E-35,8.8983E-33,2.0981E-31,2.0986E-31,2.1085E-31,1.0705E-30,3.6018E-29,3.6023E-29,3.6034E-29,3.6090E-29,8.9286E-29,8.9286E-29
"O2,aq",3.1217E-93,3.1217E-93,3.1217E-93,3.1225E-93,3.1311E-93,3.2175E-93,4.2226E-93,6.1984E-92,2.7541E-85,1.3962E-81,1.7900E-73,1.7483E-72,1.6616E-69,1.8956E-69,1.5924E-65,3.1972E-65,3.0511E-59,3.2209E-54,7.5962E-50,1.3272E-48,8.0650E-46,4.1334E-44,4.1352E-44,9.6938E-44,2.4518E-41,2.7495E-41,1.0205E-40,1.1729E-40,3.6963E-40,8.4051E-36,4.4723E-33,4.4746E-33,4.5154E-33,1.0836E-31,1.1325E-28,1.1328E-28,1.1335E-28,1.1371E-28,5.3672E-28,5.3672E-28
gCl-,-0.2651,-0.2651,-0.2651,-0.2651,-0.2651,-0.2651,-0.2653,-0.2667,-0.2765,-0.2833,-0.3032,-0.3062,-0.3128,-0.3127,-0.3170,-0.3183,-0.3631,-0.4154,-0.4607,-0.4746,-0.5149,-0.5519,-0.5519,-0.5565,-0.5848,-0.5858,-0.5979,-0.5999,-0.6164,-0.8472,-1.1117,-1.1117,-1.1118,-1.1460,-1.1857,-1.1857,-1.1857,-1.1857,-1.3106,-1.3106
gMgCl+,0.2356,0.2356,0.2356,0.2356,0.2356,0.2357,0.2367,0.2456,0.2808,0.2878,0.2679,0.2623,0.2392,0.2386,0.1997,0.1970,0.1291,0.0090,-0.1782,-0.2464,-0.4215,-0.5429,-0.5429,-0.5577,-0.6375,-0.6397,-0.6657,-0.6696,-0.7022,-1.0055,-1.2014,-1.2014,-1.2015,-1.2166,-1.2358,-1.2358,-1.2358,-1.2358,-1.2901,-1.2901
"gCaCl2,aq",0.0000,0.0000,0.0000,0.0000,0.0000,0.0000,0.0000,0.0000,0.0000,0.0000,0.0000,0.0000,0.0000,0.0000,0.0000,0.0000,0.0000,0.0000,0.0000,0.0000,0.0000,0.0000,0.0000,0.0000,0.0000,0.0000,0.0000,0.0000,0.0000,0.0000,0.0000,0.0000,0.0000,0.0000,0.0000,0.0000,0.0000,0.0000,0.0000,0.0000
gMg+2,0.0831,0.0831,0.0831,0.0831,0.0831,0.0833,0.0846,0.0970,0.1439,0.1499,0.1066,0.0961,0.0576,0.0567,-0.0026,-0.0076,-0.1431,-0.3609,-0.6717,-0.7829,-1.0713,-1.2777,-1.2777,-1.3034,-1.4448,-1.4489,-1.4961,-1.5033,-1.5632,-2.1663,-2.6117,-2.6117,-2.6119,-2.6550,-2.7053,-2.7053,-2.7053,-2.7053,-2.8485,-2.8485
gCa+2,-0.1044,-0.1044,-0.1044,-0.1044,-0.1044,-0.1043,-0.1030,-0.0914,-0.0500,-0.0477,-0.1017,-0.1139,-0.1553,-0.1561,-0.2161,-0.2217,-0.3825,-0.6295,-0.9639,-1.0822,-1.3915,-1.6174,-1.6174,-1.6455,-1.8011,-1.8058,-1.8595,-1.8677,-1.9365,-2.6630,-3.2454,-3.2454,-3.2457,-3.3056,-3.3757,-3.3757,-3.3758,-3.3757,-3.5815,-3.5815
gK+,0.1628,0.1628,0.1628,0.1628,0.1628,0.1629,0.1638,0.1723,0.2053,0.2108,0.1869,0.1806,0.1566,0.1559,0.1172,0.1143,0.0368,-0.0943,-0.2903,-0.3612,-0.5441,-0.6731,-0.6731,-0.6887,-0.7729,-0.7754,-0.8039,-0.8082,-0.8442,-1.1957,-1.4469,-1.4469,-1.4470,-1.4683,-1.4955,-1.4955,-1.4955,-1.4954,-1.5759,-1.5759
gCaCl+,0.2356,0.2356,0.2356,0.2356,0.2356,0.2357,0.2367,0.2456,0.2808,0.2878,0.2679,0.2623,0.2392,0.2386,0.1997,0.1970,0.1291,0.0090,-0.1782,-0.2464,-0.4215,-0.5429,-0.5429,-0.5577,-0.6375,-0.6397,-0.6657,-0.6696,-0.7022,-1.0055,-1.2014,-1.2014,-1.2015,-1.2166,-1.2358,-1.2358,-1.2358,-1.2358,-1.2901,-1.2901
gNa+,0.2356,0.2356,0.2356,0.2356,0.2356,0.2357,0.2367,0.2456,0.2808,0.2878,0.2679,0.2623,0.2392,0.2386,0.1997,0.1970,0.1291,0.0090,-0.1782,-0.2464,-0.4215,-0.5429,-0.5429,-0.5577,-0.6375,-0.6397,-0.6657,-0.6696,-0.7022,-1.0055,-1.2014,-1.2014,-1.2015,-1.2166,-1.2358,-1.2358,-1.2358,-1.2358,-1.2901,-1.2901
"gNaCl,aq",0.0000,0.0000,0.0000,0.0000,0.0000,0.0000,0.0000,0.0000,0.0000,0.0000,0.0000,0.0000,0.0000,0.0000,0.0000,0.0000,0.0000,0.0000,0.0000,0.0000,0.0000,0.0000,0.0000,0.0000,0.0000,0.0000,0.0000,0.0000,0.0000,0.0000,0.0000,0.0000,0.0000,0.0000,0.0000,0.0000,0.0000,0.0000,0.0000,0.0000
gMg(For)+,0.2356,0.2356,0.2356,0.2356,0.2356,0.2357,0.2367,0.2456,0.2808,0.2878,0.2679,0.2623,0.2392,0.2386,0.1997,0.1970,0.1291,0.0090,-0.1782,-0.2464,-0.4215,-0.5429,-0.5429,-0.5577,-0.6375,-0.6397,-0.6657,-0.6696,-0.7022,-1.0055,-1.2014,-1.2014,-1.2015,-1.2166,-1.2358,-1.2358,-1.2358,-1.2358,-1.2901,-1.2901
"gMgCO3,aq",0.0000,0.0000,0.0000,0.0000,0.0000,0.0000,0.0000,0.0000,0.0000,0.0000,0.0000,0.0000,0.0000,0.0000,0.0000,0.0000,0.0000,0.0000,0.0000,0.0000,0.0000,0.0000,0.0000,0.0000,0.0000,0.0000,0.0000,0.0000,0.0000,0.0000,0.0000,0.0000,0.0000,0.0000,0.0000,0.0000,0.0000,0.0000,0.0000,0.0000
"gCaCO3,aq",0.0000,0.0000,0.0000,0.0000,0.0000,0.0000,0.0000,0.0000,0.0000,0.0000,0.0000,0.0000,0.0000,0.0000,0.0000,0.0000,0.0000,0.0000,0.0000,0.0000,0.0000,0.0000,0.0000,0.0000,0.0000,0.0000,0.0000,0.0000,0.0000,0.0000,0.0000,0.0000,0.0000,0.0000,0.0000,0.0000,0.0000,0.0000,0.0000,0.0000
"gMg(For)2,aq",0.0000,0.0000,0.0000,0.0000,0.0000,0.0000,0.0000,0.0000,0.0000,0.0000,0.0000,0.0000,0.0000,0.0000,0.0000,0.0000,0.0000,0.0000,0.0000,0.0000,0.0000,0.0000,0.0000,0.0000,0.0000,0.0000,0.0000,0.0000,0.0000,0.0000,0.0000,0.0000,0.0000,0.0000,0.0000,0.0000,0.0000,0.0000,0.0000,0.0000
gMgHCO3+,0.2356,0.2356,0.2356,0.2356,0.2356,0.2357,0.2367,0.2456,0.2808,0.2878,0.2679,0.2623,0.2392,0.2386,0.1997,0.1970,0.1291,0.0090,-0.1782,-0.2464,-0.4215,-0.5429,-0.5429,-0.5577,-0.6375,-0.6397,-0.6657,-0.6696,-0.7022,-1.0055,-1.2014,-1.2014,-1.2015,-1.2166,-1.2358,-1.2358,-1.2358,-1.2358,-1.2901,-1.2901
"gFORMATE,aq",-0.1923,-0.1923,-0.1923,-0.1923,-0.1923,-0.1923,-0.1924,-0.1935,-0.2010,-0.2064,-0.2221,-0.2245,-0.2301,-0.2300,-0.2345,-0.2355,-0.2708,-0.3121,-0.3486,-0.3599,-0.3923,-0.4217,-0.4217,-0.4255,-0.4493,-0.4501,-0.4598,-0.4613,-0.4744,-0.6570,-0.8662,-0.8662,-0.8663,-0.8943,-0.9260,-0.9260,-0.9260,-0.9260,-1.0248,-1.0248
gCaHCO3+,0.2356,0.2356,0.2356,0.2356,0.2356,0.2357,0.2367,0.2456,0.2808,0.2878,0.2679,0.2623,0.2392,0.2386,0.1997,0.1970,0.1291,0.0090,-0.1782,-0.2464,-0.4215,-0.5429,-0.5429,-0.5577,-0.6375,-0.6397,-0.6657,-0.6696,-0.7022,-1.0055,-1.2014,-1.2014,-1.2015,-1.2166,-1.2358,-1.2358,-1.2358,-1.2358,-1.2901,-1.2901
"gKCl,aq",0.0000,0.0000,0.0000,0.0000,0.0000,0.0000,0.0000,0.0000,0.0000,0.0000,0.0000,0.0000,0.0000,0.0000,0.0000,0.0000,0.0000,0.0000,0.0000,0.0000,0.0000,0.0000,0.0000,0.0000,0.0000,0.0000,0.0000,0.0000,0.0000,0.0000,0.0000,0.0000,0.0000,0.0000,0.0000,0.0000,0.0000,0.0000,0.0000,0.0000
"gNa(For),aq",0.0000,0.0000,0.0000,0.0000,0.0000,0.0000,0.0000,0.0000,0.0000,0.0000,0.0000,0.0000,0.0000,0.0000,0.0000,0.0000,0.0000,0.0000,0.0000,0.0000,0.0000,0.0000,0.0000,0.0000,0.0000,0.0000,0.0000,0.0000,0.0000,0.0000,0.0000,0.0000,0.0000,0.0000,0.0000,0.0000,0.0000,0.0000,0.0000,0.0000
gHCO3-,-0.1923,-0.1923,-0.1923,-0.1923,-0.1923,-0.1923,-0.1924,-0.1935,-0.2010,-0.2064,-0.2221,-0.2245,-0.2301,-0.2300,-0.2345,-0.2355,-0.2708,-0.3121,-0.3486,-0.3599,-0.3923,-0.4217,-0.4217,-0.4255,-0.4493,-0.4501,-0.4598,-0.4613,-0.4744,-0.6570,-0.8662,-0.8662,-0.8663,-0.8943,-0.9260,-0.9260,-0.9260,-0.9260,-1.0248,-1.0248
gCO3-2,-1.1004,-1.1004,-1.1004,-1.1004,-1.1004,-1.1005,-1.1014,-1.1103,-1.1587,-1.1838,-1.2376,-1.2445,-1.2531,-1.2523,-1.2438,-1.2466,-1.3609,-1.4718,-1.5222,-1.5319,-1.5713,-1.6279,-1.6279,-1.6357,-1.6894,-1.6915,-1.7175,-1.7216,-1.7583,-2.3356,-3.0481,-3.0481,-3.0485,-3.1465,-3.2567,-3.2567,-3.2567,-3.2567,-3.5990,-3.5990
"gNaHCO3,aq",0.0000,0.0000,0.0000,0.0000,0.0000,0.0000,0.0000,0.0000,0.0000,0.0000,0.0000,0.0000,0.0000,0.0000,0.0000,0.0000,0.0000,0.0000,0.0000,0.0000,0.0000,0.0000,0.0000,0.0000,0.0000,0.0000,0.0000,0.0000,0.0000,0.0000,0.0000,0.0000,0.0000,0.0000,0.0000,0.0000,0.0000,0.0000,0.0000,0.0000
gMgOH+,0.2356,0.2356,0.2356,0.2356,0.2356,0.2357,0.2367,0.2456,0.2808,0.2878,0.2679,0.2623,0.2392,0.2386,0.1997,0.1970,0.1291,0.0090,-0.1782,-0.2464,-0.4215,-0.5429,-0.5429,-0.5577,-0.6375,-0.6397,-0.6657,-0.6696,-0.7022,-1.0055,-1.2014,-1.2014,-1.2015,-1.2166,-1.2358,-1.2358,-1.2358,-1.2358,-1.2901,-1.2901
gFeCl+,0.2356,0.2356,0.2356,0.2356,0.2356,0.2357,0.2367,0.2456,0.2808,0.2878,0.2679,0.2623,0.2392,0.2386,0.1997,0.1970,0.1291,0.0090,-0.1782,-0.2464,-0.4215,-0.5429,-0.5429,-0.5577,-0.6375,-0.6397,-0.6657,-0.6696,-0.7022,-1.0055,-1.2014,-1.2014,-1.2015,-1.2166,-1.2358,-1.2358,-1.2358,-1.2358,-1.2901,-1.2901
gFe+2,-0.1044,-0.1044,-0.1044,-0.1044,-0.1044,-0.1043,-0.1030,-0.0914,-0.0500,-0.0477,-0.1017,-0.1139,-0.1553,-0.1561,-0.2161,-0.2217,-0.3825,-0.6295,-0.9639,-1.0822,-1.3915,-1.6174,-1.6174,-1.6455,-1.8011,-1.8058,-1.8595,-1.8677,-1.9365,-2.6630,-3.2454,-3.2454,-3.2457,-3.3056,-3.3757,-3.3757,-3.3758,-3.3757,-3.5815,-3.5815
"gH2,aq",0.8411,0.8411,0.8411,0.8411,0.8411,0.8409,0.8389,0.8191,0.7078,0.6483,0.5320,0.5198,0.4839,0.4831,0.4407,0.4384,0.4160,0.4246,0.4491,0.4589,0.4859,0.5057,0.5057,0.5051,0.4939,0.4943,0.4982,0.4989,0.5044,0.5627,0.6232,0.6232,0.6232,0.6194,0.6250,0.6250,0.6250,0.6250,0.6580,0.6580
gFe(For)+,0.2356,0.2356,0.2356,0.2356,0.2356,0.2357,0.2367,0.2456,0.2808,0.2878,0.2679,0.2623,0.2392,0.2386,0.1997,0.1970,0.1291,0.0090,-0.1782,-0.2464,-0.4215,-0.5429,-0.5429,-0.5577,-0.6375,-0.6397,-0.6657,-0.6696,-0.7022,-1.0055,-1.2014,-1.2014,-1.2015,-1.2166,-1.2358,-1.2358,-1.2358,-1.2358,-1.2901,-1.2901
"gFe(For)2,aq",0.0000,0.0000,0.0000,0.0000,0.0000,0.0000,0.0000,0.0000,0.0000,0.0000,0.0000,0.0000,0.0000,0.0000,0.0000,0.0000,0.0000,0.0000,0.0000,0.0000,0.0000,0.0000,0.0000,0.0000,0.0000,0.0000,0.0000,0.0000,0.0000,0.0000,0.0000,0.0000,0.0000,0.0000,0.0000,0.0000,0.0000,0.0000,0.0000,0.0000
gFeOH+,0.2356,0.2356,0.2356,0.2356,0.2356,0.2357,0.2367,0.2456,0.2808,0.2878,0.2679,0.2623,0.2392,0.2386,0.1997,0.1970,0.1291,0.0090,-0.1782,-0.2464,-0.4215,-0.5429,-0.5429,-0.5577,-0.6375,-0.6397,-0.6657,-0.6696,-0.7022,-1.0055,-1.2014,-1.2014,-1.2015,-1.2166,-1.2358,-1.2358,-1.2358,-1.2358,-1.2901,-1.2901
gOH-,-0.2651,-0.2651,-0.2651,-0.2651,-0.2651,-0.2651,-0.2653,-0.2667,-0.2765,-0.2833,-0.3032,-0.3062,-0.3128,-0.3127,-0.3170,-0.3183,-0.3631,-0.4154,-0.4607,-0.4746,-0.5149,-0.5519,-0.5519,-0.5565,-0.5848,-0.5858,-0.5979,-0.5999,-0.6164,-0.8472,-1.1117,-1.1117,-1.1118,-1.1460,-1.1857,-1.1857,-1.1857,-1.1857,-1.3106,-1.3106
gCaOH+,0.2356,0.2356,0.2356,0.2356,0.2356,0.2357,0.2367,0.2456,0.2808,0.2878,0.2679,0.2623,0.2392,0.2386,0.1997,0.1970,0.1291,0.0090,-0.1782,-0.2464,-0.4215,-0.5429,-0.5429,-0.5577,-0.6375,-0.6397,-0.6657,-0.6696,-0.7022,-1.0055,-1.2014,-1.2014,-1.2015,-1.2166,-1.2358,-1.2358,-1.2358,-1.2358,-1.2901,-1.2901
"gCO2,aq",0.8411,0.8411,0.8411,0.8411,0.8411,0.8409,0.8389,0.8191,0.7078,0.6483,0.5320,0.5198,0.4839,0.4831,0.4407,0.4384,0.4160,0.4246,0.4491,0.4589,0.4859,0.5057,0.5057,0.5051,0.4939,0.4943,0.4982,0.4989,0.5044,0.5627,0.6232,0.6232,0.6232,0.6194,0.6250,0.6250,0.6250,0.6250,0.6580,0.6580
"gNaOH,aq",0.0000,0.0000,0.0000,0.0000,0.0000,0.0000,0.0000,0.0000,0.0000,0.0000,0.0000,0.0000,0.0000,0.0000,0.0000,0.0000,0.0000,0.0000,0.0000,0.0000,0.0000,0.0000,0.0000,0.0000,0.0000,0.0000,0.0000,0.0000,0.0000,0.0000,0.0000,0.0000,0.0000,0.0000,0.0000,0.0000,0.0000,0.0000,0.0000,0.0000
"gKOH,aq",0.0000,0.0000,0.0000,0.0000,0.0000,0.0000,0.0000,0.0000,0.0000,0.0000,0.0000,0.0000,0.0000,0.0000,0.0000,0.0000,0.0000,0.0000,0.0000,0.0000,0.0000,0.0000,0.0000,0.0000,0.0000,0.0000,0.0000,0.0000,0.0000,0.0000,0.0000,0.0000,0.0000,0.0000,0.0000,0.0000,0.0000,0.0000,0.0000,0.0000
"gFORMIC ACID,aq",0.0000,0.0000,0.0000,0.0000,0.0000,0.0000,0.0000,0.0000,0.0000,0.0000,0.0000,0.0000,0.0000,0.0000,0.0000,0.0000,0.0000,0.0000,0.0000,0.0000,0.0000,0.0000,0.0000,0.0000,0.0000,0.0000,0.0000,0.0000,0.0000,0.0000,0.0000,0.0000,0.0000,0.0000,0.0000,0.0000,0.0000,0.0000,0.0000,0.0000
"gFeO,aq",0.0000,0.0000,0.0000,0.0000,0.0000,0.0000,0.0000,0.0000,0.0000,0.0000,0.0000,0.0000,0.0000,0.0000,0.0000,0.0000,0.0000,0.0000,0.0000,0.0000,0.0000,0.0000,0.0000,0.0000,0.0000,0.0000,0.0000,0.0000,0.0000,0.0000,0.0000,0.0000,0.0000,0.0000,0.0000,0.0000,0.0000,0.0000,0.0000,0.0000
gHFeO2-,-0.1923,-0.1923,-0.1923,-0.1923,-0.1923,-0.1923,-0.1924,-0.1935,-0.2010,-0.2064,-0.2221,-0.2245,-0.2301,-0.2300,-0.2345,-0.2355,-0.2708,-0.3121,-0.3486,-0.3599,-0.3923,-0.4217,-0.4217,-0.4255,-0.4493,-0.4501,-0.4598,-0.4613,-0.4744,-0.6570,-0.8662,-0.8662,-0.8663,-0.8943,-0.9260,-0.9260,-0.9260,-0.9260,-1.0248,-1.0248
"gHCl,aq",0.0000,0.0000,0.0000,0.0000,0.0000,0.0000,0.0000,0.0000,0.0000,0.0000,0.0000,0.0000,0.0000,0.0000,0.0000,0.0000,0.0000,0.0000,0.0000,0.0000,0.0000,0.0000,0.0000,0.0000,0.0000,0.0000,0.0000,0.0000,0.0000,0.0000,0.0000,0.0000,0.0000,0.0000,0.0000,0.0000,0.0000,0.0000,0.0000,0.0000
"gNaHSiO3,aq",0.0000,0.0000,0.0000,0.0000,0.0000,0.0000,0.0000,0.0000,0.0000,0.0000,0.0000,0.0000,0.0000,0.0000,0.0000,0.0000,0.0000,0.0000,0.0000,0.0000,0.0000,0.0000,0.0000,0.0000,0.0000,0.0000,0.0000,0.0000,0.0000,0.0000,0.0000,0.0000,0.0000,0.0000,0.0000,0.0000,0.0000,0.0000,0.0000,0.0000
gH+,0.3828,0.3828,0.3828,0.3828,0.3828,0.3829,0.3839,0.3935,0.4331,0.4430,0.4316,0.4272,0.4064,0.4056,0.3671,0.3649,0.3167,0.2194,0.0505,-0.0122,-0.1710,-0.2770,-0.2770,-0.2901,-0.3592,-0.3610,-0.3819,-0.3850,-0.4106,-0.6169,-0.7043,-0.7043,-0.7043,-0.7064,-0.7099,-0.7099,-0.7099,-0.7099,-0.7142,-0.7142
gMgHSiO3+,0.2356,0.2356,0.2356,0.2356,0.2356,0.2357,0.2367,0.2456,0.2808,0.2878,0.2679,0.2623,0.2392,0.2386,0.1997,0.1970,0.1291,0.0090,-0.1782,-0.2464,-0.4215,-0.5429,-0.5429,-0.5577,-0.6375,-0.6397,-0.6657,-0.6696,-0.7022,-1.0055,-1.2014,-1.2014,-1.2015,-1.2166,-1.2358,-1.2358,-1.2358,-1.2358,-1.2901,-1.2901
"gSiO2,aq",0.0000,0.0000,0.0000,0.0000,0.0000,0.0000,0.0000,0.0000,0.0000,0.0000,0.0000,0.0000,0.0000,0.0000,0.0000,0.0000,0.0000,0.0000,0.0000,0.0000,0.0000,0.0000,0.0000,0.0000,0.0000,0.0000,0.0000,0.0000,0.0000,0.0000,0.0000,0.0000,0.0000,0.0000,0.0000,0.0000,0.0000,0.0000,0.0000,0.0000
"gCO,aq",0.0000,0.0000,0.0000,0.0000,0.0000,0.0000,0.0000,0.0000,0.0000,0.0000,0.0000,0.0000,0.0000,0.0000,0.0000,0.0000,0.0000,0.0000,0.0000,0.0000,0.0000,0.0000,0.0000,0.0000,0.0000,0.0000,0.0000,0.0000,0.0000,0.0000,0.0000,0.0000,0.0000,0.0000,0.0000,0.0000,0.0000,0.0000,0.0000,0.0000
gCaHSiO3+,0.2356,0.2356,0.2356,0.2356,0.2356,0.2357,0.2367,0.2456,0.2808,0.2878,0.2679,0.2623,0.2392,0.2386,0.1997,0.1970,0.1291,0.0090,-0.1782,-0.2464,-0.4215,-0.5429,-0.5429,-0.5577,-0.6375,-0.6397,-0.6657,-0.6696,-0.7022,-1.0055,-1.2014,-1.2014,-1.2015,-1.2166,-1.2358,-1.2358,-1.2358,-1.2358,-1.2901,-1.2901
gHSiO3-,-0.1923,-0.1923,-0.1923,-0.1923,-0.1923,-0.1923,-0.1924,-0.1935,-0.2010,-0.2064,-0.2221,-0.2245,-0.2301,-0.2300,-0.2345,-0.2355,-0.2708,-0.3121,-0.3486,-0.3599,-0.3923,-0.4217,-0.4217,-0.4255,-0.4493,-0.4501,-0.4598,-0.4613,-0.4744,-0.6570,-0.8662,-0.8662,-0.8663,-0.8943,-0.9260,-0.9260,-0.9260,-0.9260,-1.0248,-1.0248
"gFORMALDEHYDE,aq",0.0000,0.0000,0.0000,0.0000,0.0000,0.0000,0.0000,0.0000,0.0000,0.0000,0.0000,0.0000,0.0000,0.0000,0.0000,0.0000,0.0000,0.0000,0.0000,0.0000,0.0000,0.0000,0.0000,0.0000,0.0000,0.0000,0.0000,0.0000,0.0000,0.0000,0.0000,0.0000,0.0000,0.0000,0.0000,0.0000,0.0000,0.0000,0.0000,0.0000
"gFeCl2,aq",0.0000,0.0000,0.0000,0.0000,0.0000,0.0000,0.0000,0.0000,0.0000,0.0000,0.0000,0.0000,0.0000,0.0000,0.0000,0.0000,0.0000,0.0000,0.0000,0.0000,0.0000,0.0000,0.0000,0.0000,0.0000,0.0000,0.0000,0.0000,0.0000,0.0000,0.0000,0.0000,0.0000,0.0000,0.0000,0.0000,0.0000,0.0000,0.0000,0.0000
"gHFeO2,aq",0.0000,0.0000,0.0000,0.0000,0.0000,0.0000,0.0000,0.0000,0.0000,0.0000,0.0000,0.0000,0.0000,0.0000,0.0000,0.0000,0.0000,0.0000,0.0000,0.0000,0.0000,0.0000,0.0000,0.0000,0.0000,0.0000,0.0000,0.0000,0.0000,0.0000,0.0000,0.0000,0.0000,0.0000,0.0000,0.0000,0.0000,0.0000,0.0000,0.0000
gFeO2-,-0.1923,-0.1923,-0.1923,-0.1923,-0.1923,-0.1923,-0.1924,-0.1935,-0.2010,-0.2064,-0.2221,-0.2245,-0.2301,-0.2300,-0.2345,-0.2355,-0.2708,-0.3121,-0.3486,-0.3599,-0.3923,-0.4217,-0.4217,-0.4255,-0.4493,-0.4501,-0.4598,-0.4613,-0.4744,-0.6570,-0.8662,-0.8662,-0.8663,-0.8943,-0.9260,-0.9260,-0.9260,-0.9260,-1.0248,-1.0248
gFeO+,0.2356,0.2356,0.2356,0.2356,0.2356,0.2357,0.2367,0.2456,0.2808,0.2878,0.2679,0.2623,0.2392,0.2386,0.1997,0.1970,0.1291,0.0090,-0.1782,-0.2464,-0.4215,-0.5429,-0.5429,-0.5577,-0.6375,-0.6397,-0.6657,-0.6696,-0.7022,-1.0055,-1.2014,-1.2014,-1.2015,-1.2166,-1.2358,-1.2358,-1.2358,-1.2358,-1.2901,-1.2901
gFeOH+2,-0.4398,-0.4398,-0.4398,-0.4398,-0.4398,-0.4397,-0.4386,-0.4285,-0.3972,-0.4017,-0.4748,-0.4897,-0.5362,-0.5367,-0.5971,-0.6039,-0.8094,-1.1077,-1.4837,-1.6144,-1.9605,-2.2215,-2.2215,-2.2536,-2.4322,-2.4379,-2.5032,-2.5132,-2.5980,-3.5457,-4.3776,-4.3777,-4.3781,-4.4673,-4.5735,-4.5735,-4.5735,-4.5735,-4.8950,-4.8950
gFeCl+2,-0.4398,-0.4398,-0.4398,-0.4398,-0.4398,-0.4397,-0.4386,-0.4285,-0.3972,-0.4017,-0.4748,-0.4897,-0.5362,-0.5367,-0.5971,-0.6039,-0.8094,-1.1077,-1.4837,-1.6144,-1.9605,-2.2215,-2.2215,-2.2536,-2.4322,-2.4379,-2.5032,-2.5132,-2.5980,-3.5457,-4.3776,-4.3777,-4.3781,-4.4673,-4.5735,-4.5735,-4.5735,-4.5735,-4.8950,-4.8950
gFe+3,-0.3835,-0.3835,-0.3835,-0.3835,-0.3835,-0.3834,-0.3818,-0.3670,-0.3173,-0.3185,-0.4034,-0.4216,-0.4807,-0.4816,-0.5635,-0.5719,-0.8181,-1.1831,-1.6580,-1.8244,-2.2616,-2.5860,-2.5860,-2.6268,-2.8563,-2.8632,-2.9427,-2.9548,-3.0571,-4.1659,-5.0852,-5.0852,-5.0856,-5.1856,-5.2996,-5.2996,-5.2996,-5.2996,-5.6319,-5.6319
"gH2O2,aq",0.0000,0.0000,0.0000,0.0000,0.0000,0.0000,0.0000,0.0000,0.0000,0.0000,0.0000,0.0000,0.0000,0.0000,0.0000,0.0000,0.0000,0.0000,0.0000,0.0000,0.0000,0.0000,0.0000,0.0000,0.0000,0.0000,0.0000,0.0000,0.0000,0.0000,0.0000,0.0000,0.0000,0.0000,0.0000,0.0000,0.0000,0.0000,0.0000,0.0000
gHO2-,-0.1923,-0.1923,-0.1923,-0.1923,-0.1923,-0.1923,-0.1924,-0.1935,-0.2010,-0.2064,-0.2221,-0.2245,-0.2301,-0.2300,-0.2345,-0.2355,-0.2708,-0.3121,-0.3486,-0.3599,-0.3923,-0.4217,-0.4217,-0.4255,-0.4493,-0.4501,-0.4598,-0.4613,-0.4744,-0.6570,-0.8662,-0.8662,-0.8663,-0.8943,-0.9260,-0.9260,-0.9260,-0.9260,-1.0248,-1.0248
"gO2,aq",0.8411,0.8411,0.8411,0.8411,0.8411,0.8409,0.8389,0.8191,0.7078,0.6483,0.5320,0.5198,0.4839,0.4831,0.4407,0.4384,0.4160,0.4246,0.4491,0.4589,0.4859,0.5057,0.5057,0.5051,0.4939,0.4943,0.4982,0.4989,0.5044,0.5627,0.6232,0.6232,0.6232,0.6194,0.6250,0.6250,0.6250,0.6250,0.6580,0.6580
total_HCO3-,999,999,999,999,999,999,999,999,999,999,999,999,999,999,999,999,999,999,999,999,999,999,999,999,999,999,999,999,999,999,999,999,999,999,999,999,999,999,999,999
total_Na+,4.69045E-01,4.69045E-01,4.69045E-01,4.69045E-01,4.69045E-01,4.69045E-01,4.69062E-01,4.68976E-01,4.68663E-01,4.68567E-01,4.68553E-01,4.68573E-01,4.68637E-01,4.68637E-01,4.68753E-01,4.68726E-01,4.68899E-01,4.69242E-01,4.69618E-01,4.69686E-01,4.69600E-01,4.69415E-01,4.69415E-01,4.64330E-01,4.24317E-01,4.24247E-01,4.23545E-01,4.23525E-01,4.23282E-01,4.22080E-01,4.21650E-01,4.21650E-01,4.21580E-01,4.03090E-01,3.97410E-01,3.97410E-01,3.97400E-01,3.97340E-01,3.97360E-01,3.97360E-01
TCO2,1.08864E-01,1.08864E-01,1.08864E-01,1.08863E-01,1.08860E-01,1.08825E-01,1.08485E-01,1.05180E-01,8.92918E-02,8.34255E-02,8.01103E-02,8.05909E-02,8.34545E-02,8.35514E-02,9.08010E-02,9.14452E-02,1.11704E-01,1.55751E-01,2.24926E-01,2.45117E-01,2.78925E-01,2.90212E-01,2.90212E-01,2.96744E-01,3.04653E-01,3.04828E-01,3.06585E-01,3.06661E-01,3.07175E-01,3.09005E-01,3.08863E-01,3.08863E-01,3.08823E-01,2.97666E-01,2.94395E-01,2.94395E-01,2.94385E-01,2.94344E-01,2.94346E-01,2.94346E-01
TFor,2.17558E-01,2.17558E-01,2.17558E-01,2.17558E-01,2.17559E-01,2.17593E-01,2.17909E-01,2.20978E-01,2.36116E-01,2.42070E-01,2.46884E-01,2.46675E-01,2.44679E-01,2.44599E-01,2.38190E-01,2.37613E-01,2.18848E-01,1.75437E-01,1.00747E-01,7.72651E-02,3.51571E-02,1.93797E-02,1.93772E-02,1.50432E-02,2.18624E-03,2.10238E-03,1.34070E-03,1.28865E-03,9.29114E-04,5.53978E-05,1.08652E-05,1.08628E-05,1.08221E-05,2.62283E-06,9.97854E-08,9.97729E-08,9.97456E-08,9.95727E-08,8.56786E-08,8.56796E-08
MAGNETITE_out,3.2191E-02,3.2191E-02,3.2192E-02,3.2192E-02,3.2197E-02,3.2245E-02,3.2722E-02,3.7368E-02,6.0522E-02,7.0105E-02,8.1279E-02,8.1866E-02,8.2538E-02,8.2508E-02,8.1870E-02,8.1928E-02,8.4986E-02,8.9652E-02,1.0339E-01,1.1075E-01,1.3043E-01,1.4011E-01,1.4009E-01,1.1025E-01,1.3358E-02,1.2161E-02,,,,,,,,,1.7179E-05,2.4590E-05,4.3889E-05,1.6753E-04,1.9067E-04,1.9067E-04
SERP-SS_out,3.7389E+00,3.7389E+00,3.7389E+00,3.7389E+00,3.7389E+00,3.7389E+00,3.7388E+00,3.7378E+00,3.7330E+00,3.7308E+00,3.7271E+00,3.7268E+00,3.7258E+00,3.7258E+00,3.7247E+00,3.7246E+00,3.7217E+00,3.7187E+00,3.7149E+00,3.7134E+00,3.7090E+00,3.7020E+00,3.7019E+00,3.5033E+00,1.9048E+00,1.9012E+00,1.8644E+00,1.8630E+00,1.8520E+00,1.7884E+00,1.7632E+00,1.7629E+00,1.7579E+00,4.3561E-01,5.2721E-03,5.0123E-03,4.3358E-03,,,
CHRYSOTILE_pcss_out,3.5111E+00,3.5111E+00,3.5111E+00,3.5111E+00,3.5111E+00,3.5111E+00,3.5112E+00,3.5119E+00,3.5150E+00,3.5156E+00,3.5129E+00,3.5122E+00,3.5097E+00,3.5097E+00,3.5056E+00,3.5053E+00,3.5006E+00,3.4981E+00,3.5027E+00,3.5067E+00,3.5205E+00,3.5283E+00,3.5282E+00,3.3480E+00,1.8474E+00,1.8437E+00,1.8065E+00,1.8055E+00,1.7975E+00,1.7525E+00,1.7326E+00,1.7323E+00,1.7274E+00,4.2840E-01,5.0836E-03,4.8331E-03,4.1808E-03,,,
GREENALITE_pcss_out,5.8405E-02,5.8405E-02,5.8405E-02,5.8405E-02,5.8405E-02,5.8407E-02,5.8428E-02,5.8643E-02,6.0342E-02,6.1977E-02,6.8331E-02,6.9366E-02,7.2810E-02,7.2887E-02,7.8107E-02,7.8503E-02,8.6091E-02,9.1562E-02,9.0752E-02,8.8324E-02,7.8828E-02,7.0669E-02,7.0664E-02,6.0918E-02,1.6811E-02,1.6823E-02,1.6924E-02,1.6947E-02,1.7115E-02,1.7332E-02,1.7869E-02,1.7865E-02,1.7795E-02,3.3898E-03,3.7901E-05,3.6032E-05,3.1165E-05,,,
CRONSTEDTITE_pcss_out,1.6939E-01,1.6939E-01,1.6939E-01,1.6939E-01,1.6939E-01,1.6937E-01,1.6918E-01,1.6732E-01,1.5768E-01,1.5320E-01,1.4589E-01,1.4517E-01,1.4331E-01,1.4329E-01,1.4105E-01,1.4082E-01,1.3508E-01,1.2913E-01,1.2146E-01,1.1835E-01,1.0963E-01,1.0309E-01,1.0308E-01,9.4379E-02,4.0557E-02,4.0590E-02,4.0992E-02,4.0584E-02,3.7373E-02,1.8484E-02,1.2759E-02,1.2757E-02,1.2719E-02,3.8235E-03,1.5062E-04,1.4319E-04,1.2386E-04,,,
BRUCITE-SS_out,1.2199E+00,1.2199E+00,1.2199E+00,1.2199E+00,1.2198E+00,1.2198E+00,1.2190E+00,1.2119E+00,1.1788E+00,1.1673E+00,1.1617E+00,1.1625E+00,1.1672E+00,1.1673E+00,1.1775E+00,1.1781E+00,1.1926E+00,1.2181E+00,1.2389E+00,1.2383E+00,1.2266E+00,1.2207E+00,1.2207E+00,1.1395E+00,,,,,,,,,,,,,,,,
BRUCITE_pcss_out,9.4091E-01,9.4091E-01,9.4091E-01,9.4091E-01,9.4091E-01,9.4091E-01,9.4091E-01,9.4098E-01,9.4399E-01,9.4844E-01,9.6666E-01,9.6955E-01,9.7942E-01,9.7966E-01,9.9514E-01,9.9626E-01,1.0208E+00,1.0546E+00,1.0894E+00,1.0959E+00,1.1048E+00,1.1130E+00,1.1130E+00,1.0465E+00,,,,,,,,,,,,,,,,
Fe(OH)2_pcss_out,2.7895E-01,2.7895E-01,2.7895E-01,2.7894E-01,2.7894E-01,2.7886E-01,2.7812E-01,2.7094E-01,2.3479E-01,2.1888E-01,1.9502E-01,1.9294E-01,1.8775E-01,1.8768E-01,1.8233E-01,1.8186E-01,1.7177E-01,1.6346E-01,1.4950E-01,1.4243E-01,1.2188E-01,1.0771E-01,1.0770E-01,9.3083E-02,,,,,,,,,,,,,,,,
IDEAL-OLIVINE_out,,,,,,,,,,,,,,,,,,,,,,7.3505E-03,7.5462E-03,3.9610E-01,3.5393E+00,3.5466E+00,3.6205E+00,3.6229E+00,3.6418E+00,3.7498E+00,3.7918E+00,3.7921E+00,3.7982E+00,5.3980E+00,5.9201E+00,5.9204E+00,5.9212E+00,5.9263E+00,5.9286E+00,5.9286E+00
FAYALITE_pcss_out,,,,,,,,,,,,,,,,,,,,,,1.7125E-03,1.7580E-03,8.6147E-02,4.5839E-01,4.5970E-01,4.7219E-01,4.7225E-01,4.7215E-01,4.3782E-01,4.2228E-01,4.2230E-01,4.2260E-01,4.8860E-01,5.0760E-01,5.0761E-01,5.0763E-01,5.0780E-01,5.1156E-01,5.1156E-01
FORSTERITE_pcss_out,,,,,,,,,,,,,,,,,,,,,,5.6380E-03,5.7882E-03,3.0995E-01,3.0809E+00,3.0869E+00,3.1483E+00,3.1507E+00,3.1696E+00,3.3120E+00,3.3695E+00,3.3698E+00,3.3756E+00,4.9094E+00,5.4125E+00,5.4128E+00,5.4136E+00,5.4185E+00,5.4170E+00,5.4170E+00
TALC-SS_out,,,,,,,,,,,,,,,,,,,,,,,,,,,,,,,3.8940E-04,4.4482E-04,1.4228E-03,2.6039E-01,3.4409E-01,3.4414E-01,3.4427E-01,3.4514E-01,3.4455E-01,3.4455E-01
TALC_pcss_out,,,,,,,,,,,,,,,,,,,,,,,,,,,,,,,3.8936E-04,4.4477E-04,1.4226E-03,2.6036E-01,3.4406E-01,3.4411E-01,3.4424E-01,3.4511E-01,3.4451E-01,3.4451E-01
MINNESOTAITE_pcss_out,,,,,,,,,,,,,,,,,,,,,,,,,,,,,,,4.3655E-08,4.9866E-08,1.5936E-07,2.3973E-05,3.0882E-05,3.0886E-05,3.0895E-05,3.0955E-05,3.4133E-05,3.4133E-05
